Symbol,Company,GICS_Sector,GICS_Sub_Industry,Current_Price,52_Week_High,52_Week_Low,SMA_5,SMA_10,SMA_20,SMA_50,SMA_100,SMA_125,SMA_200
MMM,3M,Industrials,Industrial Conglomerates,156.29,163.4,120.83,155.46,156.14,155.59,153.69,150.46,147.63,145.04
AOS,A. O. Smith,Industrials,Building Products,72.17,90.29,58.25,72.74,72.99,72.55,71.66,69.0,67.93,67.8
ABT,Abbott Laboratories,Health Care,Health Care Equipment,135.89,139.95,109.57,135.46,133.71,132.89,130.62,131.77,131.03,127.81
ABBV,AbbVie,Health Care,Biotechnology,222.61,225.16,159.42,222.09,219.45,214.94,204.04,195.01,192.93,190.03
ACN,Accenture,Information Technology,IT Consulting & Other Services,235.5,394.41,234.1,239.2,239.65,247.55,256.47,281.69,283.82,309.76
ADBE,Adobe Inc.,Information Technology,Application Software,361.78,557.9,330.04,364.26,357.12,354.66,355.92,375.54,373.07,399.69
AMD,Advanced Micro Devices,Information Technology,Semiconductors,160.9,186.65,76.48,159.03,159.06,160.01,165.26,143.38,133.57,126.85
AES,AES Corporation,Utilities,Independent Power Producers & Energy Traders,13.14,19.17,9.28,12.96,12.9,13.03,13.12,11.98,11.69,11.6
AFL,Aflac,Financials,Life & Health Insurance,108.23,113.54,96.14,108.18,108.2,107.55,104.53,103.82,104.37,104.14
A,Agilent Technologies,Health Care,Life Sciences Tools & Services,125.94,153.19,96.23,126.59,125.98,125.47,120.34,117.57,115.48,123.06
APD,Air Products,Materials,Industrial Gases,276.58,336.92,242.14,287.46,288.66,290.18,291.18,284.3,281.59,289.96
ABNB,Airbnb,Consumer Discretionary,"Hotels, Resorts & Cruise Lines",123.5,163.93,99.88,124.93,123.57,125.18,128.75,130.81,128.12,130.55
AKAM,Akamai Technologies,Information Technology,Internet Services & Infrastructure,75.27,106.8,67.51,76.23,76.68,77.34,76.81,77.75,77.55,83.02
ALB,Albemarle Corporation,Materials,Specialty Chemicals,80.12,111.49,48.84,80.69,78.9,79.93,77.49,69.12,67.29,73.56
ARE,Alexandria Real Estate Equities,Real Estate,Office REITs,86.97,118.71,66.16,86.33,85.66,84.14,80.22,76.03,76.79,83.8
ALGN,Align Technology,Health Care,Health Care Supplies,129.0,260.35,127.7,130.72,131.69,134.99,152.2,168.38,167.96,181.82
ALLE,Allegion,Industrials,Building Products,177.44,180.34,116.14,177.99,176.58,173.57,167.08,154.56,149.29,142.07
LNT,Alliant Energy,Utilities,Electric Utilities,64.84,67.11,54.71,64.17,64.27,64.55,64.74,62.76,62.34,61.28
ALL,Allstate,Financials,Property & Casualty Insurance,207.73,213.71,173.88,204.63,201.92,202.43,201.3,200.39,199.23,196.34
GOOGL,Alphabet Inc. (Class A),Communication Services,Interactive Media & Services,251.66,256.0,140.23,252.09,248.36,235.21,211.42,190.63,183.49,183.59
GOOG,Alphabet Inc. (Class C),Communication Services,Interactive Media & Services,252.34,256.7,142.36,252.53,248.75,235.65,212.12,191.58,184.67,184.96
MO,Altria,Consumer Staples,Tobacco,64.87,67.51,45.54,64.6,64.88,65.18,63.09,60.38,59.47,56.45
AMZN,Amazon,Consumer Discretionary,Broadline Retail,220.71,242.52,161.38,228.53,229.66,230.42,227.69,218.5,211.53,214.79
AMCR,Amcor,Materials,Paper & Plastic Packaging Products & Materials,8.09,11.04,8.07,8.24,8.27,8.33,8.93,9.07,9.11,9.3
AEE,Ameren,Utilities,Multi-Utilities,100.91,102.85,81.5,99.35,99.62,99.57,99.71,97.52,97.41,95.59
AEP,American Electric Power,Utilities,Electric Utilities,108.14,115.08,87.57,107.24,107.87,108.99,109.95,106.13,105.77,102.41
AXP,American Express,Financials,Consumer Finance,341.47,349.19,219.87,340.25,333.35,329.82,315.22,307.22,297.1,296.71
AIG,American International Group,Financials,Multi-line Insurance,76.7,87.1,68.15,77.01,77.22,78.79,79.16,81.11,81.17,78.84
AMT,American Tower,Real Estate,Telecom Tower REITs,194.28,234.33,169.77,194.21,194.37,196.96,207.45,211.61,211.96,204.06
AWK,American Water Works,Utilities,Water Utilities,137.18,153.69,116.64,135.75,137.0,139.63,141.37,141.14,141.72,136.63
AMP,Ameriprise Financial,Financials,Asset Management & Custody Banks,494.13,576.69,393.57,491.11,491.94,499.65,509.0,511.18,501.97,511.23
AME,Ametek,Industrials,Electrical Components & Equipment,186.68,197.03,144.53,187.59,188.32,187.28,183.91,180.81,177.25,179.19
AMGN,Amgen,Health Care,Biotechnology,286.81,330.26,247.06,281.75,279.39,281.97,288.99,284.91,285.17,283.78
APH,Amphenol,Information Technology,Electronic Components,125.4,126.06,56.27,122.7,120.84,115.91,110.33,100.47,93.8,84.47
ADI,Analog Devices,Information Technology,Semiconductors,246.78,257.11,157.31,246.96,246.45,248.02,238.54,231.11,221.98,218.92
AON,Aon plc,Financials,Insurance Brokers,353.07,411.24,322.37,353.72,359.56,364.64,363.34,360.42,362.77,367.59
APA,APA Corporation,Energy,Oil & Gas Exploration & Production,23.99,26.13,13.18,23.83,23.57,23.16,20.99,19.51,18.92,19.8
APO,Apollo Global Management,Financials,Asset Management & Custody Banks,144.89,187.59,101.84,143.18,140.25,137.44,141.18,138.91,136.75,144.71
AAPL,Apple Inc.,Information Technology,"Technology Hardware, Storage & Peripherals",254.43,259.18,168.8,246.58,239.86,237.15,225.65,214.62,212.48,221.37
AMAT,Applied Materials,Information Technology,Semiconductor Materials & Equipment,200.87,213.48,123.04,191.88,180.52,171.03,176.88,173.9,167.55,167.78
APTV,Aptiv,Consumer Discretionary,Automotive Parts & Equipment,85.46,86.5,47.19,84.88,83.84,82.07,75.17,71.15,67.89,65.76
ACGL,Arch Capital Group,Financials,Property & Casualty Insurance,88.46,110.75,82.49,88.09,89.28,90.32,89.67,90.83,91.14,91.57
ADM,Archer Daniels Midland,Consumer Staples,Agricultural Products & Services,60.7,64.38,40.22,60.83,61.14,61.77,58.72,54.39,52.69,50.88
ANET,Arista Networks,Information Technology,Communications Equipment,144.09,156.32,59.43,145.72,145.93,141.94,131.74,113.44,105.64,105.33
AJG,Arthur J. Gallagher & Co.,Financials,Insurance Brokers,304.36,349.78,272.05,298.69,296.54,298.27,298.07,312.32,315.66,311.86
AIZ,Assurant,Financials,Multi-line Insurance,212.5,227.13,173.64,210.37,210.15,212.15,203.19,199.68,198.5,202.22
T,AT&T,Communication Services,Integrated Telecommunication Services,28.79,29.79,20.28,29.09,29.27,29.21,28.48,28.01,27.79,26.33
ATO,Atmos Energy,Utilities,Gas Utilities,166.34,167.99,132.38,163.62,164.4,164.88,161.75,157.9,156.88,151.3
ADSK,Autodesk,Information Technology,Application Software,324.86,329.09,232.67,322.85,322.12,316.39,303.19,300.04,292.41,291.41
ADP,Automatic Data Processing,Industrials,Human Resource & Employment Services,289.21,326.59,266.62,290.92,291.5,295.28,299.58,304.7,302.35,299.88
AZO,AutoZone,Consumer Discretionary,Automotive Retail,4120.0,4388.11,2898.57,4149.35,4213.36,4213.52,4040.33,3875.9,3834.4,3667.11
AVB,AvalonBay Communities,Real Estate,Multi-Family Residential REITs,194.4,233.48,178.86,193.31,193.63,193.54,193.56,198.57,199.29,205.16
AVY,Avery Dennison,Materials,Paper & Plastic Packaging Products & Materials,163.32,219.94,155.31,164.18,165.09,167.09,170.97,173.96,173.19,177.26
AXON,Axon Enterprise,Industrials,Aerospace & Defense,777.58,885.92,387.06,769.26,761.26,754.02,761.09,753.96,714.95,672.08
BKR,Baker Hughes,Energy,Oil & Gas Equipment & Services,48.93,50.06,33.21,47.54,47.16,46.26,44.27,41.04,40.51,41.51
BALL,Ball Corporation,Materials,"Metal, Glass & Plastic Containers",48.52,67.13,43.18,48.83,49.62,50.45,53.61,54.02,53.02,53.04
BAC,Bank of America,Financials,Diversified Banks,51.7,52.88,32.69,51.88,51.21,50.63,48.47,46.46,44.8,44.53
BAX,Baxter International,Health Care,Health Care Equipment,22.86,38.69,21.18,23.12,23.57,23.88,24.71,27.48,27.98,29.29
BDX,Becton Dickinson,Health Care,Health Care Equipment,186.52,248.0,161.47,187.21,187.38,189.14,186.91,178.9,184.59,200.46
BBY,Best Buy,Consumer Discretionary,Computer & Electronics Retail,73.01,98.44,53.55,72.97,73.96,74.13,70.52,69.66,68.48,73.1
TECH,Bio-Techne,Health Care,Life Sciences Tools & Services,52.92,80.37,45.87,52.72,52.24,53.34,53.77,51.97,52.06,58.64
BIIB,Biogen,Health Care,Biotechnology,139.31,200.37,110.04,142.23,143.45,140.96,135.31,131.65,129.96,135.81
BLK,BlackRock,Financials,Asset Management & Custody Banks,1131.75,1166.38,766.05,1135.94,1127.42,1119.96,1116.32,1052.42,1019.66,1005.91
BX,Blackstone Inc.,Financials,Asset Management & Custody Banks,184.91,196.67,114.16,186.09,184.15,177.56,173.12,158.03,152.63,157.26
XYZ,"Block, Inc.",Financials,Transaction & Payment Processing Services,76.54,99.26,44.27,76.81,75.53,76.4,76.07,68.74,66.01,71.29
BK,BNY Mellon,Financials,Asset Management & Custody Banks,108.66,110.87,68.8,108.47,107.03,105.95,102.81,95.84,92.29,88.26
BA,Boeing,Industrials,Aerospace & Defense,216.34,242.69,128.88,214.87,216.86,225.02,227.25,216.53,206.07,193.41
BKNG,Booking Holdings,Consumer Discretionary,"Hotels, Resorts & Cruise Lines",5509.02,5829.37,3957.19,5481.43,5487.31,5534.99,5555.78,5492.15,5315.26,5140.83
BSX,Boston Scientific,Health Care,Health Care Equipment,97.69,109.5,80.64,97.86,100.04,103.44,104.11,103.8,102.52,100.82
BMY,Bristol Myers Squibb,Health Care,Pharmaceuticals,44.91,61.84,42.96,45.33,46.02,46.59,46.84,46.98,48.02,51.18
AVGO,Broadcom,Information Technology,Semiconductors,338.94,373.59,137.54,342.48,352.25,332.27,309.64,277.02,256.28,239.84
BR,Broadridge Financial Solutions,Industrials,Data Processing & Outsourced Services,238.82,270.85,204.08,241.91,246.09,249.49,251.29,244.56,242.33,238.14
BRO,Brown & Brown,Financials,Insurance Brokers,92.19,125.31,89.99,92.12,92.27,93.89,95.93,102.68,105.67,106.87
BLDR,Builders FirstSource,Industrials,Building Products,121.21,201.79,102.6,125.08,133.21,137.49,134.58,125.32,124.45,134.06
BG,Bunge Global,Consumer Staples,Agricultural Products & Services,78.46,96.76,65.6,79.02,80.5,82.0,80.28,79.25,78.53,77.07
BXP,"BXP, Inc.",Real Estate,Office REITs,76.19,86.38,53.45,76.49,76.65,74.88,70.38,69.05,67.83,68.6
CHRW,C.H. Robinson,Industrials,Air Freight & Logistics,134.24,138.0,83.72,135.29,133.46,130.34,118.73,106.7,103.8,102.67
CDNS,Cadence Design Systems,Information Technology,Application Software,366.3,376.45,221.56,365.03,356.24,353.55,347.71,327.61,314.59,304.0
CZR,Caesars Entertainment,Consumer Discretionary,Casinos & Gaming,26.4,45.93,21.4,25.91,25.76,25.97,26.58,27.43,27.12,29.54
CPT,Camden Property Trust,Real Estate,Multi-Family Residential REITs,108.04,124.31,101.41,107.59,108.26,109.36,109.57,112.42,112.55,113.57
CPB,Campbell's Company (The),Consumer Staples,Packaged Foods & Meats,33.75,49.74,29.39,33.38,33.38,33.05,32.56,32.79,33.73,35.7
COF,Capital One,Financials,Consumer Finance,223.02,231.82,141.57,226.42,225.46,224.67,218.41,208.67,200.87,195.4
CAH,Cardinal Health,Health Care,Health Care Distributors,154.62,168.44,104.89,150.08,150.3,149.91,152.9,154.85,150.66,140.62
KMX,CarMax,Consumer Discretionary,Automotive Retail,57.6,91.25,54.53,58.65,59.42,60.19,59.41,62.95,64.48,70.86
CCL,Carnival,Consumer Discretionary,"Hotels, Resorts & Cruise Lines",30.71,32.8,15.07,30.92,31.24,31.5,30.41,27.3,25.53,25.13
CARR,Carrier Global,Industrials,Building Products,59.74,82.31,53.89,60.45,61.09,63.02,67.42,69.89,67.98,67.69
CAT,Caterpillar Inc.,Industrials,Construction Machinery & Heavy Transportation Equipment,471.26,485.34,265.05,465.5,448.99,436.16,427.46,392.86,374.84,368.9
CBOE,Cboe Global Markets,Financials,Financial Exchanges & Data,240.32,255.27,186.22,236.28,235.43,235.35,241.08,234.2,230.53,220.41
CBRE,CBRE Group,Real Estate,Real Estate Services,163.09,167.56,108.45,163.98,164.08,163.09,156.81,144.25,139.82,138.25
CDW,CDW Corporation,Information Technology,Technology Distributors,164.58,227.65,136.33,164.02,165.02,165.41,168.7,173.17,169.34,173.22
COR,Cencora,Health Care,Health Care Distributors,302.4,308.18,216.84,292.23,294.42,293.88,292.24,291.72,289.49,272.35
CNC,Centene Corporation,Health Care,Managed Health Care,32.75,76.08,25.08,32.28,32.45,30.83,28.82,41.08,45.09,50.72
CNP,CenterPoint Energy,Utilities,Multi-Utilities,38.8,39.16,27.23,38.22,38.13,37.88,37.85,37.24,37.08,35.35
CF,CF Industries,Materials,Fertilizers & Agricultural Chemicals,87.14,103.84,66.56,85.23,85.51,85.6,87.53,89.1,86.23,85.26
CRL,Charles River Laboratories,Health Care,Life Sciences Tools & Services,150.25,230.02,91.86,153.85,153.9,158.06,159.92,151.93,146.46,156.74
SCHW,Charles Schwab Corporation,Financials,Investment Banking & Brokerage,93.91,99.42,61.62,93.61,93.09,94.35,95.33,91.69,88.61,84.5
CHTR,Charter Communications,Communication Services,Cable & Satellite,267.04,437.06,251.8,265.18,263.8,263.85,286.35,343.75,345.75,350.88
CVX,Chevron Corporation,Energy,Integrated Oil & Gas,157.42,165.09,129.01,157.72,157.86,157.76,154.43,147.48,146.44,147.63
CMG,Chipotle Mexican Grill,Consumer Discretionary,Restaurants,39.68,66.74,38.3,39.72,39.28,40.38,43.55,48.03,48.31,51.51
CB,Chubb Limited,Financials,Property & Casualty Insurance,275.9,305.88,250.52,273.86,275.41,275.71,273.65,280.29,281.56,279.03
CHD,Church & Dwight,Consumer Staples,Household Products,87.19,115.72,85.67,89.66,91.14,92.46,93.52,94.82,96.58,100.08
CI,Cigna,Health Care,Health Care Services,290.08,352.18,255.6,291.88,296.18,298.32,292.45,303.91,308.32,302.59
CINF,Cincinnati Financial,Financials,Property & Casualty Insurance,154.44,158.03,121.6,154.61,154.31,153.58,151.29,148.67,145.98,143.67
CTAS,Cintas,Industrials,Diversified Support Services,200.59,228.77,179.74,200.56,201.01,204.1,213.69,216.67,214.09,208.23
CSCO,Cisco,Information Technology,Communications Equipment,67.54,72.55,50.05,67.98,67.62,67.81,68.11,66.27,64.42,62.78
C,Citigroup,Financials,Diversified Banks,103.0,105.58,54.71,102.67,100.92,98.53,95.41,86.5,82.16,79.02
CFG,Citizens Financial Group,Financials,Regional Banks,53.11,53.89,31.96,53.02,52.3,52.08,49.76,45.72,43.86,43.83
CLX,Clorox,Consumer Staples,Household Products,120.38,166.9,116.17,122.3,123.04,122.46,123.38,125.47,128.24,137.39
CME,CME Group,Financials,Financial Exchanges & Data,261.96,288.09,203.31,261.51,261.08,263.13,270.55,272.64,270.15,258.45
CMS,CMS Energy,Utilities,Multi-Utilities,71.49,75.33,62.54,70.52,70.87,71.16,71.93,70.85,71.08,69.75
KO,Coca-Cola Company (The),Consumer Staples,Soft Drinks & Non-alcoholic Beverages,66.71,73.29,59.3,66.57,66.62,67.27,68.36,69.21,69.46,67.48
CTSH,Cognizant,Information Technology,IT Consulting & Other Services,67.67,89.77,64.98,68.61,68.97,70.33,71.47,75.19,74.46,76.68
COIN,Coinbase,Financials,Financial Exchanges & Data,320.07,444.65,142.58,331.63,327.54,316.93,335.73,307.76,282.49,273.53
CL,Colgate-Palmolive,Consumer Staples,Household Products,80.15,102.2,78.76,80.89,81.86,83.01,84.68,87.37,88.32,88.56
CMCSA,Comcast,Communication Services,Cable & Satellite,31.62,44.12,31.03,31.75,32.36,33.11,33.32,34.0,34.06,34.81
CAG,Conagra Brands,Consumer Staples,Packaged Foods & Meats,18.2,31.04,18.12,18.54,18.83,18.96,18.98,20.3,21.21,22.71
COP,ConocoPhillips,Energy,Oil & Gas Exploration & Production,93.47,112.56,78.56,92.94,93.25,94.52,94.06,91.89,91.67,93.78
ED,Consolidated Edison,Utilities,Multi-Utilities,98.55,112.97,85.07,96.85,96.92,97.49,100.09,101.01,102.48,99.21
STZ,Constellation Brands,Consumer Staples,Distillers & Vintners,131.78,255.51,131.2,132.85,135.97,144.19,159.36,167.14,170.04,178.07
CEG,Constellation Energy,Utilities,Electric Utilities,336.65,356.57,160.94,331.73,327.35,317.97,323.0,310.5,289.52,279.11
COO,Cooper Companies (The),Health Care,Health Care Supplies,67.5,111.44,61.78,67.04,66.87,67.7,70.55,72.88,74.22,80.67
CPRT,Copart,Industrials,Diversified Support Services,45.28,64.38,44.95,45.72,46.86,47.77,47.12,50.26,51.87,53.91
GLW,Corning Inc.,Information Technology,Electronic Components,81.0,81.02,36.95,79.24,78.03,73.67,66.01,57.7,54.69,52.37
CPAY,Corpay,Financials,Transaction & Payment Processing Services,298.0,400.81,269.02,303.15,305.27,312.62,318.71,325.7,324.49,337.61
CTVA,Corteva,Materials,Fertilizers & Agricultural Chemicals,69.48,77.22,53.14,70.28,71.04,72.19,72.24,71.5,69.22,65.95
CSGP,CoStar Group,Real Estate,Real Estate Services,85.31,97.43,68.26,87.17,87.31,88.12,89.69,84.13,83.08,80.23
COST,Costco,Consumer Staples,Consumer Staples Merchandise Retail,943.6,1075.34,862.73,950.68,955.41,954.62,956.88,979.73,975.31,974.19
CTRA,Coterra,Energy,Oil & Gas Exploration & Production,23.47,29.29,21.84,23.66,24.02,24.09,23.88,24.39,24.66,25.31
CRWD,CrowdStrike,Information Technology,Systems Software,484.1,517.98,272.67,485.58,461.2,441.31,444.49,456.34,440.2,416.49
CCI,Crown Castle,Real Estate,Telecom Tower REITs,94.35,114.47,81.02,94.0,93.9,95.08,100.49,100.16,99.96,96.2
CSX,CSX Corporation,Industrials,Rail Transportation,34.07,37.1,26.01,33.29,32.88,32.64,34.12,32.78,31.82,31.83
CMI,Cummins,Industrials,Construction Machinery & Heavy Transportation Equipment,424.16,432.5,257.24,422.16,416.7,407.38,387.69,354.16,341.4,345.26
CVS,CVS Health,Health Care,Health Care Services,76.5,76.92,42.12,74.99,74.55,73.56,68.13,66.3,66.2,62.05
DHR,Danaher Corporation,Health Care,Life Sciences Tools & Services,189.72,278.43,170.73,192.34,191.85,196.81,199.64,197.86,197.06,206.23
DRI,Darden Restaurants,Consumer Discretionary,Restaurants,186.52,226.68,151.84,191.6,201.77,205.14,205.43,208.42,206.3,198.22
DDOG,Datadog,Information Technology,Application Software,137.49,170.08,81.63,137.14,137.37,136.07,136.71,129.84,123.12,127.32
DVA,DaVita,Health Care,Health Care Services,132.83,179.6,126.07,130.47,131.21,133.98,136.79,138.63,140.16,146.3
DAY,Dayforce,Industrials,Human Resource & Employment Services,68.82,82.69,48.01,68.75,68.86,69.15,62.55,60.21,59.35,62.47
DECK,Deckers Brands,Consumer Discretionary,Footwear,112.03,223.98,93.72,114.63,116.1,117.63,110.28,110.48,110.21,134.56
DE,Deere & Company,Industrials,Agricultural & Farm Machinery,471.67,532.1,383.0,471.11,471.17,475.71,492.27,500.07,491.02,478.02
DELL,Dell Technologies,Information Technology,"Technology Hardware, Storage & Peripherals",134.34,145.54,65.56,132.88,129.38,127.71,130.1,121.53,114.43,112.14
DAL,Delta Air Lines,Industrials,Passenger Airlines,58.75,69.36,34.52,59.14,59.37,60.32,57.82,53.49,51.01,54.45
DVN,Devon Energy,Energy,Oil & Gas Exploration & Production,34.48,42.12,25.53,34.52,34.62,34.86,33.75,33.01,32.67,33.19
DXCM,Dexcom,Health Care,Health Care Equipment,68.2,93.25,57.52,71.48,73.77,75.58,79.44,81.79,78.92,79.89
FANG,Diamondback Energy,Energy,Oil & Gas Exploration & Production,142.18,195.31,112.4,140.36,138.97,141.29,141.68,140.66,139.86,146.74
DLR,Digital Realty,Real Estate,Data Center REITs,174.12,192.35,128.14,172.68,173.07,168.43,169.88,169.65,164.84,164.93
DG,Dollar General,Consumer Staples,Consumer Staples Merchandise Retail,103.67,117.95,65.67,104.14,104.57,106.95,109.5,107.09,103.69,92.74
DLTR,Dollar Tree,Consumer Staples,Consumer Staples Merchandise Retail,94.65,118.06,60.49,96.09,96.89,101.29,108.58,101.32,96.16,86.97
D,Dominion Energy,Utilities,Multi-Utilities,61.12,61.75,46.96,60.03,59.96,59.33,59.24,57.09,56.14,54.99
DPZ,Domino's,Consumer Discretionary,Restaurants,423.89,495.24,392.06,429.17,439.22,448.55,453.77,459.54,460.43,454.37
DASH,DoorDash,Consumer Discretionary,Specialized Consumer Services,265.75,278.15,136.53,264.22,261.79,255.03,251.03,233.7,223.29,208.65
DOV,Dover Corporation,Industrials,Industrial Machinery & Supplies & Components,169.09,220.46,142.22,170.98,172.62,175.46,178.78,179.37,176.6,182.48
DOW,Dow Inc.,Materials,Commodity Chemicals,22.86,51.74,20.11,23.63,24.07,24.16,24.19,26.2,26.79,30.68
DHI,D. R. Horton,Consumer Discretionary,Homebuilding,166.27,193.34,109.8,167.68,171.72,172.71,160.09,142.61,138.66,137.98
DTE,DTE Energy,Utilities,Multi-Utilities,137.97,140.92,111.81,136.0,135.64,135.46,136.66,134.64,134.11,129.72
DUK,Duke Energy,Utilities,Electric Utilities,123.1,126.75,102.41,121.45,121.53,121.63,121.39,118.6,118.44,115.24
DD,DuPont,Materials,Specialty Chemicals,77.47,88.2,53.17,77.74,77.44,77.18,74.85,71.66,70.18,72.78
EMN,Eastman Chemical Company,Materials,Specialty Chemicals,64.27,109.94,56.08,65.24,65.5,66.66,67.99,72.7,73.79,80.62
ETN,Eaton Corporation,Industrials,Electrical Components & Equipment,368.52,398.4,230.37,371.19,369.09,359.03,363.71,347.11,332.22,327.58
EBAY,eBay Inc.,Consumer Discretionary,Broadline Retail,91.06,100.83,55.44,90.46,90.61,91.41,90.08,81.95,78.59,73.55
ECL,Ecolab,Materials,Specialty Chemicals,265.81,285.35,220.55,265.71,267.72,271.44,271.46,266.81,261.52,256.43
EIX,Edison International,Utilities,Electric Utilities,55.34,85.03,46.98,55.28,55.54,55.24,54.3,53.48,53.94,56.68
EW,Edwards Lifesciences,Health Care,Health Care Equipment,74.57,83.0,64.01,74.5,75.75,78.36,78.46,77.41,76.23,74.7
EA,Electronic Arts,Communication Services,Interactive Home Entertainment,174.07,180.7,114.77,173.47,172.37,171.07,165.5,158.13,155.06,149.13
ELV,Elevance Health,Health Care,Managed Health Care,323.73,532.49,272.22,315.92,312.99,312.53,301.45,340.27,357.18,368.92
EMR,Emerson Electric,Industrials,Electrical Components & Equipment,131.46,149.68,89.31,131.91,133.05,132.76,136.23,130.09,124.54,123.42
ENPH,Enphase Energy,Information Technology,Semiconductor Materials & Equipment,37.36,118.13,29.89,38.69,38.25,38.01,36.34,39.63,42.42,51.12
ETR,Entergy,Utilities,Electric Utilities,90.85,91.79,62.11,88.95,89.18,88.58,88.4,85.1,84.47,82.4
EOG,EOG Resources,Energy,Oil & Gas Exploration & Production,115.67,135.49,100.76,117.05,118.2,119.83,119.08,117.3,116.5,119.68
EPAM,EPAM Systems,Information Technology,IT Consulting & Other Services,154.04,269.0,138.15,155.2,155.22,163.12,162.83,168.93,166.37,189.86
EQT,EQT Corporation,Energy,Oil & Gas Exploration & Production,50.95,60.83,33.56,49.9,50.25,50.95,52.15,53.97,53.19,51.58
EFX,Equifax,Industrials,Research & Consulting Services,257.58,299.47,199.2,259.04,257.47,251.16,248.53,256.29,251.8,252.3
EQIX,Equinix,Real Estate,Data Center REITs,803.28,977.63,693.42,791.34,789.44,782.98,780.04,814.63,810.28,845.1
EQR,Equity Residential,Real Estate,Multi-Family Residential REITs,65.68,76.06,58.81,65.1,65.47,65.49,65.22,66.81,66.92,67.87
ERIE,Erie Indemnity,Financials,Insurance Brokers,317.3,539.84,316.1,319.26,324.54,332.88,348.29,351.07,360.62,377.67
ESS,Essex Property Trust,Real Estate,Multi-Family Residential REITs,267.84,310.81,241.65,267.33,266.64,266.31,268.09,274.87,275.48,279.34
EL,Estée Lauder Companies (The),Consumer Staples,Personal Care Products,87.72,101.55,47.94,87.79,87.28,88.71,89.22,80.25,75.79,74.77
EG,Everest Group,Financials,Reinsurance,337.93,400.59,318.14,335.31,338.48,340.4,336.47,338.61,341.07,344.83
EVRG,Evergy,Utilities,Electric Utilities,73.29,73.55,56.68,72.17,72.08,71.74,70.97,68.78,68.28,66.16
ES,Eversource Energy,Utilities,Electric Utilities,69.42,69.47,51.06,65.82,64.91,64.0,64.54,63.68,62.39,60.48
EXC,Exelon,Utilities,Electric Utilities,44.23,47.26,34.98,43.48,43.37,43.48,43.85,43.51,43.83,42.22
EXE,Expand Energy,Energy,Oil & Gas Exploration & Production,100.72,121.47,73.49,99.21,97.77,97.0,97.82,104.88,104.62,102.66
EXPE,Expedia Group,Consumer Discretionary,"Hotels, Resorts & Cruise Lines",221.22,229.0,129.46,222.85,222.65,218.6,202.95,185.58,179.57,180.76
EXPD,Expeditors International,Industrials,Air Freight & Logistics,121.13,129.91,99.78,121.95,122.69,121.96,118.9,116.27,115.1,114.77
EXR,Extra Space Storage,Real Estate,Self-Storage REITs,138.55,175.42,118.4,140.47,142.51,142.22,141.49,143.89,142.6,144.48
XOM,ExxonMobil,Energy,Integrated Oil & Gas,113.95,121.93,96.01,113.6,113.18,112.62,110.03,108.4,108.07,107.77
FFIV,"F5, Inc.",Information Technology,Communications Equipment,324.7,337.39,213.24,327.84,327.0,321.34,314.65,301.03,292.93,285.95
FDS,FactSet,Financials,Financial Exchanges & Data,288.41,495.04,286.52,302.09,329.42,351.43,379.03,410.88,414.27,431.38
FICO,Fair Isaac,Information Technology,Application Software,1534.77,2402.52,1300.0,1524.97,1540.46,1521.67,1464.61,1657.58,1699.77,1785.01
FAST,Fastenal,Industrials,Trading Companies & Distributors,47.99,50.63,33.61,47.41,47.48,48.39,47.81,44.57,43.41,41.0
FRT,Federal Realty Investment Trust,Real Estate,Retail REITs,100.06,114.28,79.72,99.76,100.37,100.4,96.69,95.6,94.87,98.21
FDX,FedEx,Industrials,Air Freight & Logistics,233.7,301.45,191.82,229.57,228.53,227.63,227.71,225.16,223.03,237.05
FIS,Fidelity National Information Services,Financials,Transaction & Payment Processing Services,63.37,90.1,63.19,65.3,66.08,67.38,72.03,75.56,75.15,75.46
FITB,Fifth Third Bancorp,Financials,Regional Banks,45.14,47.75,31.96,45.67,45.51,45.54,43.72,41.5,40.3,40.95
FSLR,First Solar,Information Technology,Semiconductors,215.73,262.72,116.56,213.55,208.88,203.98,193.25,176.0,166.71,166.55
FE,FirstEnergy,Utilities,Electric Utilities,43.8,44.4,36.81,43.44,43.45,43.48,42.77,41.71,41.38,40.43
FI,Fiserv,Financials,Transaction & Payment Processing Services,129.82,238.59,128.22,131.83,132.67,134.74,139.72,155.01,165.16,184.06
F,Ford Motor Company,Consumer Discretionary,Automobile Manufacturers,11.73,11.99,8.21,11.68,11.66,11.69,11.39,10.96,10.65,10.18
FTNT,Fortinet,Information Technology,Systems Software,85.27,114.82,70.12,83.15,81.66,79.97,87.14,95.22,95.52,97.36
FTV,Fortive,Industrials,Industrial Machinery & Supplies & Components,48.44,62.64,45.4,48.45,48.56,48.17,48.65,50.91,50.97,53.77
FOXA,Fox Corporation (Class A),Communication Services,Broadcasting,61.61,62.85,39.82,60.74,59.41,59.75,57.72,55.96,54.87,53.46
FOX,Fox Corporation (Class B),Communication Services,Broadcasting,55.43,57.02,36.89,54.72,53.61,54.18,52.62,51.25,50.36,49.5
BEN,Franklin Resources,Financials,Asset Management & Custody Banks,24.03,26.08,16.03,24.26,24.37,24.85,24.85,23.51,22.42,21.4
FCX,Freeport-McMoRan,Materials,Copper,45.36,51.85,27.45,45.1,45.19,45.15,43.59,42.21,40.73,39.87
GRMN,Garmin,Consumer Discretionary,Consumer Electronics,237.39,243.61,158.5,236.06,236.63,236.63,231.81,217.12,212.69,212.72
IT,Gartner,Information Technology,IT Consulting & Other Services,257.98,584.01,223.65,256.29,250.03,248.12,276.43,348.05,359.89,411.83
GE,GE Aerospace,Industrials,Aerospace & Defense,305.63,305.77,158.81,298.88,292.08,284.22,275.0,256.55,243.22,222.81
GEHC,GE HealthCare,Health Care,Health Care Equipment,74.6,94.71,57.59,74.98,76.05,75.35,74.55,73.4,72.35,76.96
GEV,GE Vernova,Industrials,Heavy Electrical Equipment,633.41,677.29,241.78,625.55,627.76,615.8,619.1,546.48,501.91,443.96
GEN,Gen Digital,Information Technology,Systems Software,28.95,32.09,22.55,28.86,28.97,29.46,29.98,29.32,28.46,28.11
GNRC,Generac,Industrials,Electrical Components & Equipment,166.77,203.25,99.5,180.05,182.68,182.76,180.6,155.72,147.7,148.44
GD,General Dynamics,Industrials,Aerospace & Defense,323.2,330.18,236.67,323.96,325.2,324.28,316.71,298.5,292.42,279.42
GIS,General Mills,Consumer Staples,Packaged Foods & Meats,50.56,72.33,48.29,50.0,49.91,49.76,49.79,51.36,52.5,55.22
GM,General Motors,Consumer Discretionary,Automobile Manufacturers,58.58,60.6,41.36,58.89,58.64,58.44,55.71,52.36,50.98,50.54
GPC,Genuine Parts Company,Consumer Discretionary,Distributors,138.66,143.1,102.41,138.22,139.33,138.77,134.52,128.29,125.44,122.48
GILD,Gilead Sciences,Health Care,Biotechnology,114.4,120.99,79.46,113.37,113.55,113.35,113.46,109.93,109.01,104.87
GPN,Global Payments,Financials,Transaction & Payment Processing Services,86.11,118.69,65.53,86.21,85.61,86.49,84.52,81.38,81.78,91.01
GL,Globe Life,Financials,Life & Health Insurance,146.55,147.83,99.63,144.73,143.07,141.7,137.42,129.06,127.88,123.98
GDDY,GoDaddy,Information Technology,Internet Services & Infrastructure,142.99,216.0,132.51,145.21,145.44,145.98,151.53,165.99,167.98,178.18
GS,Goldman Sachs,Financials,Investment Banking & Brokerage,806.32,825.25,434.87,803.08,792.21,767.97,738.57,681.81,648.77,626.9
HAL,Halliburton,Energy,Oil & Gas Equipment & Services,24.27,31.66,18.43,22.8,22.54,22.32,21.79,21.26,21.34,23.15
HIG,Hartford (The),Financials,Property & Casualty Insurance,131.81,135.17,103.64,131.11,131.36,131.74,128.42,127.2,125.33,120.44
HAS,Hasbro,Consumer Discretionary,Leisure Products,74.82,82.19,48.07,74.5,75.92,78.1,77.56,72.7,69.26,65.36
HCA,HCA Healthcare,Health Care,Health Care Facilities,409.45,420.23,288.25,403.89,402.18,405.52,385.28,379.14,370.39,349.79
DOC,Healthpeak Properties,Real Estate,Health Care REITs,18.89,21.94,16.26,18.49,18.26,18.06,17.63,17.38,17.55,18.27
HSIC,Henry Schein,Health Care,Health Care Distributors,69.21,82.49,60.56,68.18,68.41,68.44,68.69,69.96,69.14,70.87
HSY,Hershey Company (The),Consumer Staples,Packaged Foods & Meats,190.74,202.98,136.73,190.69,188.86,186.69,182.63,173.33,171.34,168.18
HPE,Hewlett Packard Enterprise,Information Technology,"Technology Hardware, Storage & Peripherals",24.7,25.36,11.82,24.94,24.73,23.83,22.0,20.06,19.02,19.45
HLT,Hilton Worldwide,Consumer Discretionary,"Hotels, Resorts & Cruise Lines",263.7,279.81,195.81,266.32,270.28,273.03,270.53,262.23,253.22,252.15
HOLX,Hologic,Health Care,Health Care Equipment,67.64,84.39,51.9,67.55,66.12,66.38,66.54,63.97,63.02,65.02
HD,Home Depot (The),Consumer Discretionary,Home Improvement Retail,410.91,429.19,322.47,414.62,417.66,413.64,394.21,378.75,373.36,379.12
HON,Honeywell,Industrials,Industrial Conglomerates,209.31,240.47,177.52,209.91,211.07,214.27,219.35,221.69,217.26,216.49
HRL,Hormel Foods,Consumer Staples,Packaged Foods & Meats,24.44,32.84,23.71,24.68,24.86,25.47,27.45,28.7,28.92,29.19
HST,Host Hotels & Resorts,Real Estate,Hotel & Resort REITs,17.43,18.53,12.06,17.43,17.53,17.41,16.58,15.98,15.51,15.82
HWM,Howmet Aerospace,Industrials,Aerospace & Defense,193.58,194.35,96.25,190.64,188.37,182.47,181.7,175.69,166.05,149.92
HPQ,HP Inc.,Information Technology,"Technology Hardware, Storage & Peripherals",28.53,38.25,20.76,28.22,28.12,28.19,26.6,26.06,25.75,27.89
HUBB,Hubbell Incorporated,Industrials,Industrial Machinery & Supplies & Components,435.23,475.24,297.55,437.7,439.28,438.01,432.65,410.9,396.58,397.83
HUM,Humana,Health Care,Managed Health Care,258.32,321.0,206.87,260.62,267.96,285.13,268.12,253.03,256.08,260.05
HBAN,Huntington Bancshares,Financials,Regional Banks,17.35,17.93,11.7,17.56,17.53,17.54,16.88,16.35,15.82,15.84
HII,Huntington Ingalls Industries,Industrials,Aerospace & Defense,276.01,291.7,155.93,274.89,274.34,272.53,266.81,249.37,241.1,220.53
IBM,IBM,Information Technology,IT Consulting & Other Services,272.24,294.17,197.92,266.82,261.52,254.42,254.52,262.2,256.86,249.05
IEX,IDEX Corporation,Industrials,Industrial Machinery & Supplies & Components,159.4,235.67,152.2,160.54,161.29,162.71,167.33,173.97,173.22,184.48
IDXX,Idexx Laboratories,Health Care,Health Care Equipment,648.38,688.12,356.14,649.0,645.89,645.04,616.72,567.29,536.19,497.37
ITW,Illinois Tool Works,Industrials,Industrial Machinery & Supplies & Components,261.22,274.77,213.36,262.01,262.8,263.79,261.08,253.67,250.07,252.29
INCY,Incyte,Health Care,Biotechnology,84.54,87.99,53.56,85.32,84.92,85.17,80.47,73.29,70.5,70.47
IR,Ingersoll Rand,Industrials,Industrial Machinery & Supplies & Components,81.32,105.95,65.58,81.05,80.21,79.95,81.01,81.83,80.34,83.92
PODD,Insulet Corporation,Health Care,Health Care Equipment,327.8,353.5,225.37,329.9,333.92,338.43,315.76,310.29,299.24,288.22
INTC,Intel,Information Technology,Semiconductors,29.34,32.38,17.67,28.63,26.67,25.57,23.5,22.42,22.07,21.83
ICE,Intercontinental Exchange,Financials,Financial Exchanges & Data,168.09,188.82,141.12,170.27,171.54,173.33,178.74,178.1,174.92,169.03
IFF,International Flavors & Fragrances,Materials,Specialty Chemicals,62.39,105.18,62.17,63.04,64.06,65.19,68.15,72.01,72.47,76.38
IP,International Paper,Materials,Paper & Plastic Packaging Products & Materials,46.37,58.71,42.44,46.6,46.38,47.41,48.52,47.86,47.83,49.94
IPG,Interpublic Group of Companies (The),Communication Services,Advertising,26.08,31.81,21.93,25.9,26.12,26.37,25.63,24.79,24.67,25.51
INTU,Intuit,Information Technology,Application Software,699.18,813.7,531.0,685.37,669.23,668.23,715.08,721.1,695.96,663.82
ISRG,Intuitive Surgical,Health Care,Health Care Equipment,447.75,616.0,425.0,440.1,442.45,454.31,474.69,505.98,503.39,521.52
IVZ,Invesco,Financials,Asset Management & Custody Banks,22.43,22.99,11.33,22.46,22.39,22.17,21.18,18.1,17.17,17.03
INVH,Invitation Homes,Real Estate,Single-Family Residential REITs,29.69,35.52,29.11,29.64,29.82,30.19,30.7,32.0,32.22,32.02
IQV,IQVIA,Health Care,Life Sciences Tools & Services,186.45,245.2,134.65,187.68,187.29,187.32,185.21,168.68,166.21,177.43
IRM,Iron Mountain,Real Estate,Other Specialized REITs,104.09,126.21,71.19,101.37,99.76,95.47,94.66,96.46,93.75,95.27
JBHT,J.B. Hunt,Industrials,Cargo Ground Transportation,131.98,198.61,122.01,132.95,135.52,139.85,143.06,142.66,141.21,150.9
JBL,Jabil,Information Technology,Electronic Manufacturing Services,234.45,237.14,108.57,225.79,220.24,213.76,217.11,200.67,187.6,173.79
JKHY,Jack Henry & Associates,Financials,Transaction & Payment Processing Services,150.02,194.68,149.38,153.54,156.58,159.22,164.78,171.81,172.08,172.46
J,Jacobs Solutions,Industrials,Construction & Engineering,147.86,152.07,104.68,148.91,147.76,146.67,144.88,136.14,132.36,131.37
JNJ,Johnson & Johnson,Health Care,Pharmaceuticals,176.58,179.84,137.37,175.67,176.46,176.94,172.4,162.38,160.57,156.74
JCI,Johnson Controls,Industrials,Building Products,108.29,112.63,67.78,108.43,108.01,107.57,106.97,103.58,98.51,92.1
JPM,JPMorgan Chase,Financials,Diversified Banks,312.74,316.31,199.85,312.99,309.6,304.23,297.21,283.14,273.4,264.12
K,Kellanova,Consumer Staples,Packaged Foods & Meats,77.03,82.04,76.82,77.65,78.48,78.86,79.17,79.7,80.01,80.06
KVUE,Kenvue,Consumer Staples,Personal Care Products,17.24,24.71,16.89,17.8,18.17,19.11,20.61,21.39,21.62,21.58
KDP,Keurig Dr Pepper,Consumer Staples,Soft Drinks & Non-alcoholic Beverages,26.5,37.26,25.92,26.8,27.0,27.91,31.48,32.34,32.76,32.46
KEY,KeyCorp,Financials,Regional Banks,18.74,19.41,12.43,18.88,18.93,19.01,18.38,17.32,16.71,16.69
KEYS,Keysight Technologies,Information Technology,Electronic Equipment & Instruments,177.9,186.2,121.43,176.8,174.09,170.13,166.37,163.46,158.87,161.54
KMB,Kimberly-Clark,Consumer Staples,Household Products,123.82,147.59,120.67,124.72,125.96,127.27,128.63,130.36,131.34,130.95
KIM,Kimco Realty,Real Estate,Retail REITs,21.9,24.7,17.52,21.95,22.13,22.21,21.64,21.18,20.92,21.22
KMI,Kinder Morgan,Energy,Oil & Gas Storage & Transportation,27.47,30.49,20.55,27.46,27.44,27.09,27.08,27.34,27.15,27.0
KKR,KKR & Co.,Financials,Asset Management & Custody Banks,147.25,169.7,85.9,147.37,145.35,141.81,143.35,134.28,128.94,133.75
KLAC,KLA Corporation,Information Technology,Semiconductor Materials & Equipment,1071.2,1076.79,548.81,1044.76,1005.92,944.88,921.02,870.53,828.34,779.64
KHC,Kraft Heinz,Consumer Staples,Packaged Foods & Meats,26.56,34.37,25.07,26.23,26.2,26.64,27.09,26.7,27.1,27.8
KR,Kroger,Consumer Staples,Food Retail,65.35,74.52,53.73,65.68,66.51,67.27,69.62,69.2,69.02,66.33
LHX,L3Harris,Industrials,Aerospace & Defense,286.19,288.0,190.25,283.81,282.07,277.97,273.3,256.45,247.52,233.27
LH,Labcorp,Health Care,Health Care Services,279.94,283.47,208.23,277.87,276.94,276.79,268.12,260.15,253.34,247.75
LRCX,Lam Research,Information Technology,Semiconductor Materials & Equipment,131.93,133.56,56.18,127.85,121.88,111.96,104.64,96.25,90.64,85.77
LW,Lamb Weston,Consumer Staples,Packaged Foods & Meats,54.32,82.35,47.25,55.49,56.07,56.46,55.03,53.86,53.73,55.99
LVS,Las Vegas Sands,Consumer Discretionary,Casinos & Gaming,53.07,58.05,29.84,53.14,53.34,54.53,53.03,47.73,45.13,45.43
LDOS,Leidos,Industrials,Diversified Support Services,187.11,200.78,122.65,186.68,184.69,182.23,174.57,163.75,158.83,152.41
LEN,Lennar,Consumer Discretionary,Homebuilding,123.25,181.28,97.54,127.66,131.98,133.96,125.9,117.54,115.64,120.64
LII,Lennox International,Industrials,Building Products,530.66,689.44,497.88,538.36,546.46,554.16,586.46,579.75,572.77,588.08
LLY,Lilly (Eli),Health Care,Pharmaceuticals,746.98,932.73,622.41,755.4,755.62,746.17,737.24,752.2,761.66,782.62
LIN,Linde plc,Materials,Industrial Gases,479.94,484.83,406.06,478.51,477.91,476.55,472.46,466.69,462.75,454.56
LYV,Live Nation Entertainment,Communication Services,Movies & Entertainment,164.13,175.25,102.72,165.41,168.85,167.37,159.61,151.38,146.78,142.88
LKQ,LKQ Corporation,Consumer Discretionary,Distributors,30.39,43.77,28.65,30.73,31.4,31.8,31.94,35.42,36.36,37.04
LMT,Lockheed Martin,Industrials,Aerospace & Defense,486.67,602.02,407.14,477.35,474.02,464.36,445.78,455.57,455.03,457.26
L,Loews Corporation,Financials,Multi-line Insurance,98.0,98.37,74.95,97.15,97.04,96.76,94.53,91.82,90.79,88.53
LOW,Lowe's,Consumer Discretionary,Home Improvement Retail,259.81,281.56,204.22,264.18,267.43,265.15,248.19,235.72,232.75,238.01
LULU,Lululemon Athletica,Consumer Discretionary,"Apparel, Accessories & Luxury Goods",173.33,423.32,159.25,169.92,166.15,179.16,195.69,234.86,242.19,291.56
LYB,LyondellBasell,Materials,Specialty Chemicals,50.37,89.94,46.44,51.94,53.0,54.18,55.1,56.03,56.4,61.84
MTB,M&T Bank,Financials,Regional Banks,200.63,219.44,148.52,200.12,198.72,199.22,194.08,189.17,184.1,185.64
MPC,Marathon Petroleum,Energy,Oil & Gas Refining & Marketing,190.87,192.61,113.82,186.66,184.05,181.68,173.19,167.5,160.32,154.3
MKTX,MarketAxess,Financials,Financial Exchanges & Data,179.11,292.5,176.57,179.82,182.17,183.5,192.8,206.2,208.06,210.13
MAR,Marriott International,Consumer Discretionary,"Hotels, Resorts & Cruise Lines",261.84,305.27,204.35,264.09,265.04,266.06,266.63,265.92,258.36,264.66
MMC,Marsh McLennan,Financials,Insurance Brokers,197.46,246.94,195.01,196.97,198.49,201.79,204.63,213.31,216.37,218.16
MLM,Martin Marietta Materials,Materials,Construction Materials,615.39,632.26,440.72,616.78,616.84,616.9,599.76,574.51,557.12,542.15
MAS,Masco,Industrials,Building Products,71.58,85.23,56.02,72.06,72.91,73.44,70.96,67.27,66.37,69.46
MA,Mastercard,Financials,Transaction & Payment Processing Services,569.97,601.77,464.22,584.66,584.12,587.24,577.23,572.43,562.7,553.54
MTCH,Match Group,Communication Services,Interactive Media & Services,36.94,39.2,26.24,37.61,37.66,37.64,36.2,33.34,32.56,32.45
MKC,McCormick & Company,Consumer Staples,Packaged Foods & Meats,64.3,85.22,63.66,65.49,66.79,68.43,69.79,71.79,72.72,74.43
MCD,McDonald's,Consumer Discretionary,Restaurants,303.19,322.65,271.85,302.93,303.98,308.59,304.74,303.5,304.41,300.04
MCK,McKesson Corporation,Health Care,Health Care Distributors,741.31,748.74,462.37,703.8,705.28,697.25,695.45,704.74,700.64,664.57
MDT,Medtronic,Health Care,Health Care Equipment,94.96,95.91,77.57,94.97,94.31,93.52,92.2,88.74,87.81,87.16
MRK,Merck & Co.,Health Care,Pharmaceuticals,79.96,113.94,71.87,80.91,81.62,82.57,81.92,80.0,80.15,84.86
META,Meta Platforms,Communication Services,Interactive Media & Services,755.4,795.71,479.11,770.67,765.29,756.52,747.79,709.48,675.99,661.52
MET,MetLife,Financials,Life & Health Insurance,80.32,87.17,64.24,79.64,79.78,80.17,78.16,78.23,77.38,78.93
MTD,Mettler Toledo,Health Care,Life Sciences Tools & Services,1257.03,1521.01,946.69,1268.35,1267.31,1278.27,1264.8,1213.55,1185.24,1218.74
MGM,MGM Resorts,Consumer Discretionary,Casinos & Gaming,34.77,42.54,25.3,35.26,35.31,36.68,36.67,35.18,34.1,34.14
MCHP,Microchip Technology,Information Technology,Semiconductors,64.71,79.31,33.63,65.46,64.94,65.06,66.76,65.01,60.51,58.71
MU,Micron Technology,Information Technology,Semiconductors,166.41,170.45,61.48,164.53,158.7,141.09,125.68,116.22,108.2,103.73
MSFT,Microsoft,Information Technology,Systems Software,509.23,554.54,343.59,512.02,509.58,506.55,511.53,490.0,467.55,447.93
MAA,Mid-America Apartment Communities,Real Estate,Multi-Family Residential REITs,141.12,170.0,137.32,140.66,141.11,142.66,143.96,148.35,150.0,151.38
MRNA,Moderna,Health Care,Biotechnology,25.79,67.96,23.15,25.61,25.0,24.77,27.47,27.4,27.32,31.03
MHK,Mohawk Industries,Consumer Discretionary,Home Furnishings,127.83,164.29,96.24,130.25,133.63,133.78,125.76,115.31,113.71,116.37
MOH,Molina Healthcare,Health Care,Managed Health Care,182.56,359.97,151.95,179.12,179.66,178.3,173.38,233.49,252.74,270.28
TAP,Molson Coors Beverage Company,Consumer Staples,Brewers,44.09,63.47,43.99,45.9,47.14,48.5,49.43,50.48,52.08,53.76
MDLZ,Mondelez International,Consumer Staples,Packaged Foods & Meats,63.82,73.39,53.2,63.42,62.77,62.22,63.98,65.32,65.5,63.52
MPWR,Monolithic Power Systems,Information Technology,Semiconductors,914.27,947.45,437.93,909.78,878.53,864.19,813.55,755.51,713.35,679.28
MNST,Monster Beverage,Consumer Staples,Soft Drinks & Non-alcoholic Beverages,64.48,67.13,45.7,64.75,64.56,63.62,62.29,62.28,61.5,57.89
MCO,Moody's Corporation,Financials,Financial Exchanges & Data,476.78,528.95,377.3,487.98,499.38,502.19,506.84,494.39,482.79,481.94
MS,Morgan Stanley,Financials,Investment Banking & Brokerage,160.76,163.98,92.93,159.61,157.75,153.67,147.15,138.96,133.15,130.67
MOS,Mosaic Company (The),Materials,Fertilizers & Agricultural Chemicals,33.97,37.97,21.99,33.95,33.84,33.32,33.76,34.28,32.72,30.04
MSI,Motorola Solutions,Information Technology,Communications Equipment,470.72,502.83,387.0,474.16,478.05,474.97,454.73,434.91,432.45,439.13
MSCI,MSCI Inc.,Financials,Financial Exchanges & Data,568.94,636.39,483.67,566.27,570.69,567.32,561.71,561.96,557.49,567.91
NDAQ,"Nasdaq, Inc.",Financials,Financial Exchanges & Data,88.44,97.36,64.46,89.98,91.93,93.07,93.42,88.8,85.61,82.86
NTAP,NetApp,Information Technology,"Technology Hardware, Storage & Peripherals",123.44,133.34,71.49,124.7,124.36,120.45,111.98,106.53,102.09,106.2
NFLX,Netflix,Communication Services,Movies & Entertainment,1218.47,1341.15,677.88,1221.82,1215.15,1224.52,1212.0,1215.42,1168.01,1083.14
NEM,Newmont,Materials,Gold,84.67,86.61,36.35,81.42,80.28,77.38,69.96,62.44,60.1,53.32
NWSA,News Corp (Class A),Communication Services,Publishing,30.58,30.94,23.3,30.54,29.98,29.65,29.48,28.92,28.37,28.21
NWS,News Corp (Class B),Communication Services,Publishing,33.76,35.47,26.17,33.71,33.03,33.23,33.57,33.16,32.52,32.13
NEE,NextEra Energy,Utilities,Multi-Utilities,72.32,83.5,60.75,71.37,71.22,71.49,72.34,71.41,70.43,70.15
NKE,"Nike, Inc.",Consumer Discretionary,"Apparel, Accessories & Luxury Goods",70.93,88.65,51.67,71.5,72.49,74.06,74.75,69.07,66.76,69.42
NI,NiSource,Utilities,Multi-Utilities,41.57,43.51,32.69,40.59,40.57,40.99,41.54,40.33,39.98,38.98
NDSN,Nordson Corporation,Industrials,Industrial Machinery & Supplies & Components,224.84,262.94,163.83,225.31,225.26,224.51,219.15,213.44,208.03,210.1
NSC,Norfolk Southern,Industrials,Rail Transportation,292.08,294.78,199.43,285.4,280.33,278.66,278.33,262.07,253.71,248.94
NTRS,Northern Trust,Financials,Asset Management & Custody Banks,130.52,133.7,80.54,131.1,130.09,129.68,127.83,119.32,113.58,110.0
NOC,Northrop Grumman,Industrials,Aerospace & Defense,577.08,598.64,420.66,575.42,576.98,580.13,573.33,530.16,524.11,503.52
NCLH,Norwegian Cruise Line Holdings,Consumer Discretionary,"Hotels, Resorts & Cruise Lines",25.57,29.29,14.21,25.4,25.76,25.43,24.63,21.87,20.94,22.44
NRG,NRG Energy,Utilities,Independent Power Producers & Energy Traders,167.43,175.96,79.04,166.31,164.58,156.1,155.16,152.31,141.28,125.31
NUE,Nucor,Materials,Steel,135.26,168.24,97.18,136.07,139.18,142.87,142.49,132.49,128.7,128.21
NVDA,Nvidia,Information Technology,Semiconductors,178.43,184.55,86.61,177.05,177.02,175.35,176.2,158.41,147.99,141.3
NVR,"NVR, Inc.",Consumer Discretionary,Homebuilding,7980.11,9964.77,6562.85,8063.17,8208.75,8223.55,7998.68,7633.85,7536.89,7657.05
NXPI,NXP Semiconductors,Information Technology,Semiconductors,225.62,251.87,146.73,224.76,222.03,226.06,223.05,215.29,207.88,209.35
ORLY,O’Reilly Automotive,Consumer Discretionary,Automotive Retail,103.73,108.42,73.33,103.87,105.15,104.83,101.58,96.21,95.47,91.7
OXY,Occidental Petroleum,Energy,Oil & Gas Exploration & Production,46.42,55.34,34.4,46.57,46.41,46.35,44.86,43.73,43.24,44.95
ODFL,Old Dominion,Industrials,Cargo Ground Transportation,139.34,231.78,138.66,140.66,143.62,147.03,151.45,157.15,156.89,167.26
OMC,Omnicom Group,Communication Services,Advertising,76.28,103.32,67.76,75.69,76.32,77.1,75.13,73.77,73.9,77.4
ON,ON Semiconductor,Information Technology,Semiconductors,50.42,76.06,31.04,50.92,49.77,49.59,52.08,50.42,47.87,50.45
OKE,Oneok,Energy,Oil & Gas Storage & Transportation,72.6,113.92,70.63,72.44,72.71,73.38,75.78,78.35,79.83,86.33
ORCL,Oracle Corporation,Information Technology,Application Software,313.83,345.72,118.18,309.73,308.58,270.34,255.34,220.28,203.25,189.2
OTIS,Otis Worldwide,Industrials,Industrial Machinery & Supplies & Components,89.12,105.86,83.85,89.52,89.25,88.04,89.01,92.79,93.56,94.45
PCAR,Paccar,Industrials,Construction Machinery & Heavy Transportation Equipment,97.75,114.66,84.08,99.31,100.45,99.75,98.65,96.19,95.2,99.13
PKG,Packaging Corporation of America,Materials,Paper & Plastic Packaging Products & Materials,213.71,244.78,170.61,212.75,212.85,213.46,204.74,197.62,195.43,202.85
PLTR,Palantir Technologies,Information Technology,Application Software,182.55,190.0,35.71,177.91,173.36,165.28,164.44,147.59,136.79,117.26
PANW,Palo Alto Networks,Information Technology,Systems Software,203.25,210.39,144.15,205.68,202.3,197.01,189.21,191.91,187.64,187.63
PSKY,Paramount Skydance Corporation,Communication Services,Movies & Entertainment,19.73,20.86,9.92,18.61,18.04,16.48,14.44,13.25,12.84,12.12
PH,Parker Hannifin,Industrials,Industrial Machinery & Supplies & Components,760.17,779.77,485.92,754.0,757.77,757.79,740.21,704.46,679.11,669.81
PAYX,Paychex,Industrials,Human Resource & Employment Services,129.3,160.03,128.21,130.65,132.05,134.48,138.51,144.45,144.47,143.76
PAYC,Paycom,Industrials,Human Resource & Employment Services,219.66,267.33,157.01,217.53,218.9,221.63,225.27,234.76,230.98,223.93
PYPL,PayPal,Financials,Transaction & Payment Processing Services,67.31,93.66,55.85,68.07,67.41,68.29,69.95,71.05,69.5,73.86
PNR,Pentair,Industrials,Industrial Machinery & Supplies & Components,110.09,112.91,73.85,110.29,110.59,109.74,106.55,102.93,99.25,98.57
PEP,PepsiCo,Consumer Staples,Soft Drinks & Non-alcoholic Beverages,141.9,170.89,125.14,141.33,141.77,143.75,143.32,136.5,137.29,140.68
PFE,Pfizer,Health Care,Pharmaceuticals,24.13,28.43,20.18,24.08,24.16,24.47,24.53,23.99,23.67,24.19
PCG,PG&E Corporation,Utilities,Multi-Utilities,14.73,21.62,12.97,14.86,15.1,15.1,14.72,15.1,15.47,16.18
PM,Philip Morris International,Consumer Staples,Tobacco,163.77,185.29,114.24,163.35,164.07,164.26,166.8,171.75,169.12,156.09
PSX,Phillips 66,Energy,Oil & Gas Refining & Marketing,132.28,135.47,89.26,131.21,131.5,131.7,126.43,121.99,118.4,118.61
PNW,Pinnacle West Capital,Utilities,Multi-Utilities,87.09,94.64,79.08,86.37,86.94,87.97,89.95,89.77,90.14,88.73
PNC,PNC Financial Services,Financials,Diversified Banks,203.92,210.46,142.39,204.52,203.26,204.08,197.56,187.52,181.61,183.95
POOL,Pool Corporation,Consumer Discretionary,Distributors,312.94,391.14,281.15,318.39,321.99,319.8,315.1,307.78,307.18,320.0
PPG,PPG Industries,Materials,Specialty Chemicals,106.24,133.97,89.08,108.45,109.14,109.89,110.39,111.01,109.15,111.52
PPL,PPL Corporation,Utilities,Electric Utilities,36.31,37.09,30.41,35.78,35.83,35.91,35.98,34.98,34.96,34.13
PFG,Principal Financial Group,Financials,Life & Health Insurance,82.4,88.63,67.06,81.79,81.68,80.77,78.98,78.17,77.46,78.36
PG,Procter & Gamble,Consumer Staples,Personal Care Products,152.5,177.66,149.91,155.85,156.8,157.37,156.0,158.24,159.37,161.7
PGR,Progressive Corporation,Financials,Property & Casualty Insurance,238.61,292.77,228.37,241.54,244.18,245.02,245.58,258.65,261.25,258.95
PLD,Prologis,Real Estate,Industrial REITs,114.44,123.42,83.8,114.19,113.64,112.55,109.09,107.36,105.96,107.86
PRU,Prudential Financial,Financials,Life & Health Insurance,103.13,125.75,88.12,103.29,104.36,106.08,104.45,103.95,103.33,106.51
PEG,Public Service Enterprise Group,Utilities,Electric Utilities,82.21,92.35,73.5,81.43,81.78,81.47,83.83,81.74,81.42,81.76
PTC,PTC Inc.,Information Technology,Application Software,204.03,219.69,133.38,205.22,205.18,208.91,207.35,189.29,181.25,180.08
PSA,Public Storage,Real Estate,Self-Storage REITs,282.3,355.59,251.43,281.78,284.72,286.92,283.76,288.62,287.71,289.97
PHM,PulteGroup,Consumer Discretionary,Homebuilding,130.05,148.31,87.74,131.88,133.84,134.18,125.6,114.5,111.36,110.79
PWR,Quanta Services,Industrials,Construction & Engineering,389.53,424.94,227.02,388.16,386.7,382.16,388.31,371.18,350.12,331.55
QCOM,Qualcomm,Information Technology,Semiconductors,169.53,178.09,119.4,167.9,164.71,161.84,156.89,153.9,151.37,154.37
DGX,Quest Diagnostics,Health Care,Health Care Services,186.97,187.92,144.09,184.17,182.81,181.81,177.12,176.08,174.36,168.93
RL,Ralph Lauren Corporation,Consumer Discretionary,"Apparel, Accessories & Luxury Goods",310.65,321.77,176.02,310.17,312.54,309.18,299.26,284.4,269.59,259.47
RJF,Raymond James Financial,Financials,Investment Banking & Brokerage,175.81,177.66,117.19,173.84,171.46,169.57,166.25,157.82,153.17,154.1
RTX,RTX Corporation,Industrials,Aerospace & Defense,160.54,161.4,111.21,158.94,158.02,157.86,155.77,146.87,142.6,135.01
O,Realty Income,Real Estate,Retail REITs,59.55,61.61,49.53,59.32,59.68,59.06,57.93,56.93,56.57,55.26
REG,Regency Centers,Real Estate,Retail REITs,71.48,75.93,62.21,70.51,70.89,71.42,70.95,70.68,70.49,70.7
REGN,Regeneron Pharmaceuticals,Health Care,Biotechnology,567.89,1149.63,475.77,587.95,577.15,575.18,567.61,557.08,563.22,614.48
RF,Regions Financial Corporation,Financials,Regional Banks,26.73,27.61,17.36,26.96,26.95,26.99,25.99,24.02,23.15,23.1
RSG,Republic Services,Industrials,Environmental & Facilities Services,227.53,258.14,195.88,226.74,227.64,229.95,234.08,240.9,240.91,232.3
RMD,ResMed,Health Care,Health Care Equipment,275.61,293.81,199.07,273.64,272.72,274.7,276.16,262.78,253.91,246.36
RVTY,Revvity,Health Care,Health Care Equipment,85.71,129.23,81.36,86.37,85.22,86.31,89.68,92.15,93.19,101.49
ROK,Rockwell Automation,Industrials,Electrical Components & Equipment,342.73,359.54,213.27,345.83,345.27,344.79,345.51,329.39,311.57,299.63
ROL,"Rollins, Inc.",Industrials,Environmental & Facilities Services,55.4,58.96,44.94,55.67,56.2,56.43,56.89,56.68,56.18,53.51
ROP,Roper Technologies,Information Technology,Electronic Equipment & Instruments,503.99,593.46,498.03,507.38,508.77,516.27,531.81,549.44,551.65,551.82
ROST,Ross Stores,Consumer Discretionary,Apparel Retail,145.68,156.94,121.69,145.86,147.1,148.43,143.78,140.75,139.48,140.63
RCL,Royal Caribbean Group,Consumer Discretionary,"Hotels, Resorts & Cruise Lines",330.59,366.5,163.55,327.46,331.7,343.83,335.28,303.23,282.7,265.6
SPGI,S&P Global,Financials,Financial Exchanges & Data,496.76,578.04,425.6,512.28,528.17,536.53,540.87,527.51,517.32,513.48
CRM,Salesforce,Information Technology,Application Software,244.56,366.78,226.09,245.57,243.92,247.39,250.0,260.74,260.14,282.91
SBAC,SBA Communications,Real Estate,Telecom Tower REITs,198.82,247.78,186.81,198.82,198.43,199.96,214.93,222.78,222.28,216.25
SLB,Schlumberger,Energy,Oil & Gas Equipment & Services,34.49,44.81,30.61,34.47,35.01,35.38,34.37,34.36,34.62,36.52
STX,Seagate Technology,Information Technology,"Technology Hardware, Storage & Peripherals",228.13,231.96,62.86,221.74,211.68,194.44,169.51,145.95,132.23,117.61
SRE,Sempra,Utilities,Multi-Utilities,86.05,93.45,61.37,83.35,83.23,82.42,81.35,78.35,76.69,77.73
NOW,ServiceNow,Information Technology,Systems Software,927.67,1198.09,678.66,946.94,940.5,925.99,922.3,963.78,934.94,962.21
SHW,Sherwin-Williams,Materials,Specialty Chemicals,344.45,397.81,307.5,347.49,353.39,359.93,353.72,352.23,348.87,349.82
SPG,Simon Property Group,Real Estate,Retail REITs,184.13,184.67,132.99,181.53,181.85,179.94,171.39,164.89,162.1,164.85
SWKS,Skyworks Solutions,Information Technology,Semiconductors,81.26,97.73,47.01,78.94,76.45,75.68,73.19,72.23,69.44,72.6
SJM,J.M. Smucker Company (The),Consumer Staples,Packaged Foods & Meats,108.01,121.73,92.38,107.35,107.22,108.72,108.9,107.02,108.36,107.45
SW,Smurfit Westrock,Materials,Paper & Plastic Packaging Products & Materials,43.81,55.46,36.31,43.86,44.33,45.41,45.0,44.22,43.69,46.25
SNA,Snap-on,Industrials,Industrial Machinery & Supplies & Components,340.15,366.68,274.55,337.15,334.92,330.7,326.37,320.85,320.12,326.27
SOLV,Solventum,Health Care,Health Care Technology,73.39,85.92,60.7,73.86,73.51,73.12,72.97,73.13,72.19,72.44
SO,Southern Company,Utilities,Electric Utilities,93.72,95.68,78.5,92.19,92.05,92.04,93.14,91.11,90.68,88.07
LUV,Southwest Airlines,Industrials,Passenger Airlines,33.34,37.75,23.55,32.51,32.0,32.07,32.17,32.17,31.24,31.33
SWK,Stanley Black & Decker,Industrials,Industrial Machinery & Supplies & Components,75.27,106.2,52.62,76.9,77.49,76.25,72.99,69.5,68.09,73.13
SBUX,Starbucks,Consumer Discretionary,Restaurants,85.69,115.87,74.48,84.44,83.64,85.22,88.84,88.51,87.95,92.31
STT,State Street Corporation,Financials,Asset Management & Custody Banks,112.95,116.37,72.29,112.94,112.34,113.07,111.64,105.3,100.94,98.66
STLD,Steel Dynamics,Materials,Steel,136.69,153.72,102.78,138.34,136.03,133.81,130.0,130.78,128.77,127.34
STE,Steris,Health Care,Health Care Equipment,249.23,253.0,199.47,249.4,248.89,247.12,239.28,238.06,234.59,227.6
SYK,Stryker Corporation,Health Care,Health Care Equipment,373.52,404.87,328.46,376.66,379.21,385.58,386.89,385.55,379.92,378.88
SMCI,Supermicro,Information Technology,"Technology Hardware, Storage & Peripherals",46.99,66.44,17.25,46.1,45.37,43.66,47.67,45.12,42.83,40.85
SYF,Synchrony Financial,Financials,Consumer Finance,74.74,77.41,40.15,75.65,75.52,75.7,72.7,66.92,63.35,63.12
SNPS,Synopsys,Information Technology,Application Software,490.32,651.73,365.74,481.22,450.26,525.76,577.06,537.84,515.28,507.14
SYY,Sysco,Consumer Staples,Food Distributors,82.22,83.24,66.65,82.07,81.43,81.16,80.3,76.84,75.75,74.89
TMUS,T-Mobile US,Communication Services,Wireless Telecommunication Services,239.49,274.51,194.69,238.68,239.42,244.79,243.26,239.95,242.93,241.27
TROW,T. Rowe Price,Financials,Asset Management & Custody Banks,104.66,119.7,75.88,105.32,104.86,105.77,104.99,99.23,96.56,99.87
TTWO,Take-Two Interactive,Communication Services,Interactive Home Entertainment,251.28,255.33,146.76,250.81,248.58,243.68,234.65,233.93,229.62,216.89
TPR,"Tapestry, Inc.",Consumer Discretionary,"Apparel, Accessories & Luxury Goods",116.14,116.49,41.31,113.48,110.57,106.82,105.73,94.09,88.57,82.36
TRGP,Targa Resources,Energy,Oil & Gas Storage & Transportation,170.14,215.2,141.47,167.29,165.77,165.08,164.85,165.12,167.26,176.48
TGT,Target Corporation,Consumer Staples,Consumer Staples Merchandise Retail,87.05,155.5,85.44,88.02,89.06,91.53,98.07,97.3,96.77,107.21
TEL,TE Connectivity,Information Technology,Electronic Manufacturing Services,219.66,221.0,115.38,217.11,214.18,210.76,203.18,182.87,173.19,163.19
TDY,Teledyne Technologies,Information Technology,Electronic Equipment & Instruments,567.91,573.29,419.0,562.95,559.36,551.48,549.62,523.76,512.7,503.58
TER,Teradyne,Information Technology,Semiconductor Materials & Equipment,134.68,143.64,65.6,124.57,119.65,119.06,109.38,97.01,92.77,101.47
TSLA,"Tesla, Inc.",Consumer Discretionary,Automobile Manufacturers,425.85,488.54,212.11,425.77,407.3,375.02,344.87,332.82,318.0,333.52
TXN,Texas Instruments,Information Technology,Semiconductors,182.04,220.1,137.77,180.59,180.97,188.47,192.56,192.19,185.4,185.15
TPL,Texas Pacific Land Corporation,Energy,Oil & Gas Exploration & Production,931.28,1759.83,844.11,901.92,918.26,916.7,925.05,1050.24,1094.92,1171.43
TXT,Textron,Industrials,Aerospace & Defense,83.01,91.21,57.67,83.35,82.69,81.79,80.94,78.82,76.58,76.37
TMO,Thermo Fisher Scientific,Health Care,Life Sciences Tools & Services,469.75,621.58,385.11,475.61,477.94,482.91,471.97,440.97,442.61,478.44
TJX,TJX Companies,Consumer Discretionary,Apparel Retail,139.72,145.58,109.83,139.78,139.98,139.33,133.14,129.8,128.65,125.82
TKO,TKO Group Holdings,Communication Services,Movies & Entertainment,202.29,212.49,113.01,201.45,200.96,195.29,181.98,174.3,169.37,161.76
TTD,Trade Desk (The),Communication Services,Advertising,46.86,141.53,42.96,45.36,45.37,49.25,62.99,67.14,64.06,78.33
TSCO,Tractor Supply,Consumer Discretionary,Other Specialty Retail,58.56,63.75,46.46,59.07,59.3,60.17,59.45,55.64,54.74,54.56
TT,Trane Technologies,Industrials,Building Products,405.16,475.11,296.82,404.16,405.62,410.53,426.78,425.16,407.74,392.54
TDG,TransDigm Group,Industrials,Aerospace & Defense,1299.37,1519.36,1107.45,1287.84,1286.11,1292.37,1359.11,1360.3,1340.11,1299.17
TRV,Travelers Companies (The),Financials,Property & Casualty Insurance,276.26,280.0,220.97,276.46,276.12,274.39,267.72,266.41,263.77,256.63
TRMB,Trimble Inc.,Information Technology,Electronic Equipment & Instruments,82.04,87.5,52.91,81.65,81.41,80.98,82.09,77.26,74.0,73.4
TFC,Truist Financial,Financials,Diversified Banks,45.7,47.46,32.72,45.71,45.35,45.9,44.79,42.66,41.48,42.19
TYL,Tyler Technologies,Information Technology,Application Software,528.39,661.31,513.52,533.06,538.43,547.82,562.13,567.56,565.82,577.89
TSN,Tyson Foods,Consumer Staples,Packaged Foods & Meats,53.85,63.75,51.39,53.85,54.42,55.36,54.89,54.98,55.99,56.53
USB,U.S. Bancorp,Financials,Diversified Banks,49.35,52.21,34.8,49.81,49.44,49.11,47.11,45.52,44.23,44.92
UBER,Uber,Industrials,Passenger Ground Transportation,97.8,101.99,59.33,96.67,96.48,95.25,92.79,90.58,87.14,80.54
UDR,"UDR, Inc.",Real Estate,Multi-Family Residential REITs,37.51,45.5,35.84,37.41,37.76,38.32,38.9,39.91,40.16,40.85
ULTA,Ulta Beauty,Consumer Discretionary,Other Specialty Retail,524.6,539.0,309.01,525.57,523.11,522.8,515.45,479.74,457.38,433.22
UNP,Union Pacific Corporation,Industrials,Rail Transportation,227.98,252.32,202.16,222.39,219.04,219.81,221.71,222.8,222.0,226.71
UAL,United Airlines Holdings,Industrials,Passenger Airlines,104.13,116.0,51.44,105.1,105.77,105.65,98.15,88.48,84.16,88.76
UPS,United Parcel Service,Industrials,Air Freight & Logistics,84.41,136.36,82.0,84.39,84.4,85.14,88.27,92.66,93.46,102.14
URI,United Rentals,Industrials,Trading Companies & Distributors,955.22,980.53,523.58,942.79,946.29,951.35,902.13,810.66,769.11,745.41
UNH,UnitedHealth Group,Health Care,Managed Health Care,347.69,617.34,233.13,340.42,343.61,327.18,295.7,305.36,343.82,404.38
UHS,Universal Health Services,Health Care,Health Care Facilities,194.72,242.21,152.16,190.6,189.74,186.72,177.01,180.01,179.31,180.45
VLO,Valero Energy,Energy,Oil & Gas Refining & Marketing,170.39,172.03,97.37,165.39,162.0,158.09,146.89,139.47,134.47,132.13
VTR,Ventas,Real Estate,Health Care REITs,68.54,70.82,55.85,67.62,68.45,68.14,67.69,65.66,65.94,64.31
VLTO,Veralto,Industrials,Environmental & Facilities Services,105.39,114.62,83.77,106.38,107.04,106.61,106.04,102.9,100.71,100.75
VRSN,Verisign,Information Technology,Internet Services & Infrastructure,286.64,309.71,174.64,285.06,285.91,281.0,277.49,278.9,273.32,252.29
VRSK,Verisk Analytics,Industrials,Research & Consulting Services,242.3,321.9,239.83,244.99,252.17,260.15,271.41,289.65,289.82,287.91
VZ,Verizon,Communication Services,Integrated Telecommunication Services,43.35,45.87,36.41,43.57,43.71,43.82,43.37,42.93,42.88,41.72
VRTX,Vertex Pharmaceuticals,Health Care,Biotechnology,379.72,519.88,362.5,384.05,388.52,391.35,412.43,431.44,442.94,448.43
VTRS,Viatris,Health Care,Pharmaceuticals,9.6,13.04,6.68,9.75,9.83,10.15,9.77,9.24,8.95,9.62
VICI,Vici Properties,Real Estate,Hotel & Resort REITs,31.93,33.54,26.86,31.89,32.24,32.62,32.57,31.99,31.77,30.85
V,Visa Inc.,Financials,Transaction & Payment Processing Services,338.7,374.85,266.36,341.81,340.92,344.69,345.08,350.51,347.03,340.82
VST,Vistra Corp.,Utilities,Electric Utilities,204.24,219.82,90.3,210.29,209.62,200.16,198.67,183.87,170.38,162.42
VMC,Vulcan Materials Company,Materials,Construction Materials,297.59,302.21,214.34,297.02,296.21,294.29,285.1,275.21,267.99,264.25
WRB,W. R. Berkley Corporation,Financials,Property & Casualty Insurance,74.14,75.68,54.69,73.38,73.04,72.45,70.82,71.45,70.81,66.72
GWW,W. W. Grainger,Industrials,Industrial Machinery & Supplies & Components,975.78,1219.65,889.92,989.14,996.48,1003.58,1000.76,1030.19,1020.5,1032.49
WAB,Wabtec,Industrials,Construction Machinery & Heavy Transportation Equipment,194.51,215.82,151.42,191.44,190.38,191.75,194.56,198.78,194.2,193.7
WBA,Walgreens Boots Alliance,Consumer Staples,Drug Retail,11.98,13.25,7.98,11.98,12.03,11.93,11.67,11.39,11.33,10.81
WMT,Walmart,Consumer Staples,Consumer Staples Merchandise Retail,102.52,106.11,77.36,103.11,102.92,100.89,99.57,98.23,96.63,95.42
DIS,Walt Disney Company (The),Communication Services,Movies & Entertainment,112.25,124.69,79.76,113.91,114.92,116.48,117.42,115.52,110.26,109.73
WBD,Warner Bros. Discovery,Communication Services,Broadcasting,19.56,20.12,7.25,19.04,18.05,15.01,13.44,11.74,11.17,10.94
WM,Waste Management,Industrials,Environmental & Facilities Services,218.23,240.84,197.52,216.64,216.79,219.75,224.91,227.97,227.83,223.42
WAT,Waters Corporation,Health Care,Life Sciences Tools & Services,299.22,423.56,275.05,302.53,300.56,299.91,294.75,321.8,325.09,347.78
WEC,WEC Energy Group,Utilities,Electric Utilities,111.76,111.8,89.63,110.09,109.98,108.53,108.21,106.44,106.26,103.15
WFC,Wells Fargo,Financials,Diversified Banks,84.37,86.65,52.16,84.03,82.6,81.86,80.36,78.13,75.8,74.84
WELL,Welltower,Real Estate,Health Care REITs,172.55,172.71,120.11,167.52,167.74,167.78,165.08,157.83,155.46,148.39
WST,West Pharmaceutical Services,Health Care,Health Care Supplies,250.8,351.24,187.09,253.9,255.78,251.84,244.78,230.83,227.09,250.97
WDC,Western Digital,Information Technology,"Technology Hardware, Storage & Peripherals",110.25,113.75,28.74,107.08,102.97,94.51,81.58,68.37,62.21,56.89
WY,Weyerhaeuser,Real Estate,Timber REITs,24.38,33.04,23.71,24.35,24.74,25.17,25.41,25.67,25.77,26.99
WSM,"Williams-Sonoma, Inc.",Consumer Discretionary,Homefurnishing Retail,200.38,218.08,123.89,198.3,199.18,197.67,193.8,178.45,172.5,179.72
WMB,Williams Companies,Energy,Oil & Gas Storage & Transportation,61.39,62.92,43.0,60.21,59.33,58.16,57.84,58.23,58.02,56.89
WTW,Willis Towers Watson,Financials,Insurance Brokers,340.85,342.16,282.71,336.09,335.43,332.27,325.04,315.44,316.27,317.82
WDAY,"Workday, Inc.",Information Technology,Application Software,240.32,294.0,205.33,237.0,230.33,230.11,229.21,238.78,237.19,245.6
WYNN,Wynn Resorts,Consumer Discretionary,Casinos & Gaming,127.51,130.84,64.93,127.01,124.68,124.07,115.3,103.9,98.53,93.92
XEL,Xcel Energy,Utilities,Multi-Utilities,73.04,73.99,60.12,72.34,72.37,72.07,71.93,70.02,69.74,68.45
XYL,Xylem Inc.,Industrials,Industrial Machinery & Supplies & Components,143.11,144.93,99.87,142.54,141.62,141.46,139.28,132.83,128.78,126.37
YUM,Yum! Brands,Consumer Discretionary,Restaurants,149.44,161.72,120.38,147.58,147.94,146.67,145.78,145.47,145.91,143.47
ZBRA,Zebra Technologies,Information Technology,Electronic Equipment & Instruments,314.05,427.76,205.73,317.64,316.24,315.36,320.77,307.76,295.28,319.18
ZBH,Zimmer Biomet,Health Care,Health Care Equipment,100.29,114.14,88.99,100.45,101.2,103.33,100.11,96.78,98.22,101.23
ZTS,Zoetis,Health Care,Pharmaceuticals,142.61,195.14,138.77,145.43,146.91,150.19,150.73,155.66,155.16,159.3
